,years,US
0,2020,97.14838099297471
1,2030,103.30804621362658
2,2040,109.46771143427846
3,2050,115.62737665493032
