,year,China
0,2020,152.76538945684297
1,2030,205.70352951098175
2,2040,258.6416695651187
3,2050,311.5798096192575
