,year,EU
0,2020,66.68270769051469
1,2030,60.07876142880946
2,2040,53.474815167104
3,2050,46.870868905398765
