,year,India
0,2020,34.84468562011807
1,2030,46.78990487290048
2,2040,58.73512412568243
3,2050,70.68034337846484
