,year,US
0,2020,93.69468907322016
1,2030,84.15353940562431
2,2040,74.61238973802847
3,2050,65.07124007043262
