,years,China
0,2020,117.7661903568548
1,2030,142.20587866088724
2,2040,166.64556696491968
3,2050,191.0852552689521
