,years,Global
0,2020,568.7054695608658
1,2030,643.0463738385731
2,2040,717.3872781162804
3,2050,791.7281823939876
