,years,Global
0,2020,554.1651939287951
1,2030,625.071289204262
2,2040,695.9773844797289
3,2050,766.8834797551958
