,years,China
0,2020,115.59632899366233
1,2030,139.48206082854864
2,2040,163.36779266343495
3,2050,187.25352449832127
