,years,India
0,2020,26.804111351233146
1,2030,32.144974470954125
2,2040,37.485837590675104
3,2050,42.82670071039608
