,years,EU
0,2020,78.55521769165777
1,2030,82.70852585617267
2,2040,86.86183402068757
3,2050,91.01514218520246
