,years,EU
0,2020,74.0624670628547
1,2030,77.12867297733956
2,2040,80.19487889182444
3,2050,83.26108480630933
