,years,US
0,2020,100.71616813495956
1,2030,107.68077472860023
2,2040,114.64538132224091
3,2050,121.60998791588158
