,year,China
0,2020,147.82629989956513
1,2030,197.49792299011824
2,2040,247.16954608066953
3,2050,296.8411691712208
