,year,EU
0,2020,58.673858930914776
1,2030,47.60045210015551
2,2040,36.52704526939624
3,2050,25.453638438636972
