,year,India
0,2020,33.81969143895776
1,2030,45.15847761989198
2,2040,56.49726380082666
3,2050,67.83604998176088
