,years,predictions
0,2020,21.232077829003448
1,2030,51.10193729079616
2,2040,122.99352027172897
3,2050,296.02412023539404
