year,Global,US,EU,India,China
2020,568.7054695608658,100.71616813495956,78.55521769165776,27.322075059069746,117.7661903568548
2030,643.0463738385731,107.68077472860024,82.70852585617267,32.792584482220924,142.20587866088724
2040,717.3872781162804,114.64538132224092,86.86183402068757,38.263093905372095,166.64556696491968
2050,791.7281823939876,121.60998791588158,91.01514218520245,43.73360332852325,191.0852552689521
