year,Global,US,EU,India,China
2020,568.7054695608658,93.69468907322016,66.68270769051469,34.84468562011807,152.76538945684297
2030,643.0463738385731,84.15353940562431,60.078761428809464,46.78990487290048,205.70352951098172
2040,717.3872781162804,74.61238973802847,53.474815167104,58.73512412568243,258.64166956511866
2050,791.7281823939876,65.07124007043261,46.87086890539877,70.68034337846484,311.5798096192575
