,year,US
0,2020,87.54151517695482
1,2030,74.75417404258633
2,2040,61.966832908217384
3,2050,49.179491773848895
